{
  "project_info": {
    "project_number": "374380447031",
    "project_id": "neko-stationery",
    "storage_bucket": "neko-stationery.appspot.com"
  },
  "client": [
    {
      "client_info": {
        "mobilesdk_app_id": "1:374380447031:android:9c374336b76f9fe80586b2",
        "android_client_info": {
          "package_name": "neko.stationery"
        }
      },
      "oauth_client": [
        {
          "client_id": "374380447031-uins6ag3nknu5a9jthkn3sausu1giejf.apps.googleusercontent.com",
          "client_type": 3
        }
      ],
      "api_key": [
        {
          "current_key": "AIzaSyDCa-SvZ0hGZOpKCwyS45EWwrGeJ4kpu8k"
        }
      ],
      "services": {
        "appinvite_service": {
          "other_platform_oauth_client": [
            {
              "client_id": "374380447031-uins6ag3nknu5a9jthkn3sausu1giejf.apps.googleusercontent.com",
              "client_type": 3
            }
          ]
        }
      }
    }
  ],
  "configuration_version": "1"
}